{
    "total_samples": 1000,
    "average_inference_time": 1.6571426097259987,
    "average_wer": 4.450627825910842
}