{
    "total_samples": 1000,
    "average_inference_time": 2.0232738985409955,
    "average_wer": 4.507419930605407
}