{
    "total_samples": 1000,
    "average_inference_time": 2.023484101766999,
    "average_wer": 4.007426069760472
}